name,pokedex,is_legendary
Bulbasaur,Bulbasaur can be seen napping in bright sunlight. There is a seed on its back. By soaking up the sun’s rays,0
Ivysaur,There is a bud on this Pokémon’s back. To support its weight,0
Venusaur,There is a large flower on Venusaur’s back. The flower is said to take on vivid colors if it gets plenty of nutrition and sunlight. The flower’s aroma soothes the emotions of people.,0
Charmander,The flame that burns at the tip of its tail is an indication of its emotions. The flame wavers when Charmander is enjoying itself. If the Pokémon becomes enraged,0
Charmeleon,Charmeleon mercilessly destroys its foes using its sharp claws. If it encounters a strong foe,0
Charizard,Charizard flies around the sky in search of powerful opponents. It breathes fire of such great heat that it melts anything. However,0
Squirtle,Squirtle’s shell is not merely used for protection. The shell’s rounded shape and the grooves on its surface help minimize resistance in water,0
Wartortle,Its tail is large and covered with a rich,0
Blastoise,Blastoise has water spouts that protrude from its shell. The water spouts are very accurate. They can shoot bullets of water with enough accuracy to strike empty cans from a distance of over 160 feet.,0
Caterpie,It’s easy to catch,0
Metapod,Its shell is hard,0
Butterfree,When attacked by other Pokémon,0
Weedle,Weedle has an extremely acute sense of smell. It is capable of distinguishing its favorite kinds of leaves from those it dislikes just by sniffing with its big red proboscis (nose).,0
Kakuna,Kakuna remains virtually immobile as it clings to a tree. However,0
Beedrill,Beedrill is extremely territorial. No one should ever approach its nest—this is for their own safety. If angered,0
Pidgey,Pidgey has an extremely sharp sense of direction. It is capable of unerringly returning home to its nest,0
Pidgeotto,Pidgeotto claims a large area as its own territory. This Pokémon flies around,0
Pidgeot,This Pokémon has a dazzling plumage of beautifully glossy feathers. Many Trainers are captivated by the striking beauty of the feathers on its head,0
Rattata,With their strong capacity for survival,0
Raticate,Its disposition is far more violent than its looks would suggest. Don’t let your hand get too close to its face,0
Spearow,Farmers whose fields are troubled by bug Pokémon appreciate Spearow for its vigorous appetite and look after it.,0
Fearow,Drawings of a Pokémon resembling Fearow can be seen in murals from deep in ancient history.,0
Ekans,Ekans curls itself up in a spiral while it rests. Assuming this position allows it to quickly respond to a threat from any direction with a glare from its upraised head.,0
Arbok,This Pokémon is terrifically strong in order to constrict things with its body. It can even flatten steel oil drums. Once Arbok wraps its body around its foe,0
Pikachu,It’s in its nature to store electricity. It feels stressed now and then if it’s unable to fully discharge the electricity.,0
Raichu,It becomes aggressive when it has electricity stored up. At such times,0
Sandshrew,It usually makes its home in deserts and arid zones,0
Sandslash,It uses its claws to climb trees and then curls its body into a spiny ball,0
Nidoran♀,Nidoran♀ has barbs that secrete a powerful poison. They are thought to have developed as protection for this small-bodied Pokémon. When enraged,0
Nidorina,When Nidorina are with their friends or family,0
Nidoqueen,Nidoqueen’s body is encased in extremely hard scales. It is adept at sending foes flying with harsh tackles. This Pokémon is at its strongest when it is defending its young.,0
Nidoran♂,Nidoran♂ has developed muscles for moving its ears. Thanks to them,0
Nidorino,Nidorino has a horn that is harder than a diamond. If it senses a hostile presence,0
Nidoking,Nidoking’s thick tail packs enormously destructive power. With one swing,0
Clefairy,On nights with a full moon,0
Clefable,According to tradition,0
Vulpix,From its mouth spew flames that seem to resemble the spirits of the deceased. Some people mistakenly think this fire is a ghost.,0
Ninetales,Said to live for a thousand years,0
Jigglypuff,Jigglypuff possess a vocal range that exceeds 12 octaves,0
Wigglytuff,As it inhales,0
Zubat,When exposed to sunlight,0
Golbat,Sometimes they drink so much blood,0
Oddish,Oddish searches for fertile,0
Gloom,From its mouth Gloom drips honey that smells absolutely horrible. Apparently,0
Vileplume,Vileplume has the world’s largest petals. They are used to attract prey that are then doused with toxic spores. Once the prey are immobilized,0
Paras,Mushrooms called tochukaso sprout from its back. They can be dried and powdered to make a medicine used to extend life.,0
Parasect,It scatters toxic spores from its mushroom cap. Once harvested,0
Venonat,Venonat is said to have evolved with a coat of thin,0
Venomoth,Venomoth is nocturnal—it is a Pokémon that only becomes active at night. Its favorite prey are small insects that gather around streetlights,0
Diglett,Many farmers cherish and nurture Diglett because its droppings enrich the soil it lives in.,0
Dugtrio,Despite the closeness between this Pokémon and farmers and other people,0
Meowth,It loves shiny things. It often fights with Murkrow over prey they’re both trying to catch.,0
Persian,It has a high opinion of itself,0
Psyduck,This Pokémon is troubled by constant headaches. The more pain it’s in,0
Golduck,It swims along the banks of lakes and catches fish Pokémon. It takes them to the shore and quietly eats them up.,0
Mankey,Its raging tires it out and causes it to fall asleep,0
Primeape,Some researchers theorize that Primeape remains angry even when inside a Poké Ball.,0
Growlithe,It looks cute,0
Arcanine,The fire burning inside its body serves as the energy to fuel it as it runs great distances. It appears in many legends.,0
Poliwag,It’s still not very good at walking. Its Trainers should train this Pokémon to walk every day.,0
Poliwhirl,It marches over the land in search of bug Pokémon to eat. Then it takes them underwater so it can dine on them where it’s safe.,0
Poliwrath,Its percentage of body fat is nearly zero. Its body is entirely muscle,0
Abra,It can teleport itself to safety while it’s asleep,0
Kadabra,Kadabra’s presence infests televisions and monitors with creepy shadows that bring bad luck.,0
Alakazam,Its brain cells continue to increase in number until its death. The older the Alakazam,0
Machop,With its superhuman strength,0
Machoke,It willingly assists with hard labor because it knows the work is good training for its muscles.,0
Machamp,It can lift heavy loads with the greatest of ease. It can even heft dump trucks. But its clumsy fingers prevent it from doing any precision work.,0
Bellsprout,Bellsprout’s thin and flexible body lets it bend and sway to avoid any attack,0
Weepinbell,Weepinbell has a large hook on its rear end. At night,0
Victreebel,Victreebel has a long vine that extends from its head. This vine is waved and flicked about as if it were an animal to attract prey. When an unsuspecting prey draws near,0
Tentacool,It drifts in shallow seas,0
Tentacruel,Although these Pokémon are rare,0
Geodude,There are plenty of them to be found along any road. A scholar with too much free time once counted a hundred of them along a single route.,0
Graveler,This slow-footed Pokémon moves by curling up and rolling instead of walking. With enough momentum,0
Golem,Once a year,0
Ponyta,Ponyta is very weak at birth. It can barely stand up. This Pokémon becomes stronger by stumbling and falling to keep up with its parent.,0
Rapidash,Rapidash usually can be seen casually cantering in the fields and plains. However,0
Slowpoke,Alolan home cooking involves drying Slowpoke tails and then simmering them into a salty stew.,0
Slowbro,Whenever Shellder bites down hard on its tail,0
Magnemite,It sends out electromagnetic waves,0
Magneton,It has about three times the electrical power of Magnemite. For some reason,0
Farfetch'd,Farfetch’d is always seen with a stalk from a plant of some sort. Apparently,0
Doduo,Doduo’s two heads contain completely identical brains. A scientific study reported that on rare occasions,0
Dodrio,Apparently,0
Seel,Seel hunts for prey in the frigid sea underneath sheets of ice. When it needs to breathe,0
Dewgong,Dewgong loves to snooze on bitterly cold ice. The sight of this Pokémon sleeping on a glacier was mistakenly thought to be a mermaid by a mariner long ago.,0
Grimer,It was born from sludge transformed by exposure to X-rays from the moon. When its internal load of germs decreases,0
Muk,After recent environmental improvements,0
Shellder,This Pokémon’s tongue is always hanging out. It uses its tongue with great dexterity to dig up sand from the seabed in its search for food.,0
Cloyster,Excavation of the tombs of ancient hunting tribes has turned up many spears tipped with spikes that had fallen off this Pokémon’s shell.,0
Gastly,Although Gastly is barely visible,0
Haunter,It fears the light and revels in the dark. It may be on the verge of extinction in cities that stay brightly lit at night.,0
Gengar,It apparently wishes for a traveling companion. Since it was once human itself,0
Onix,Onix has a magnet in its brain. It acts as a compass so that this Pokémon does not lose direction while it is tunneling. As it grows older,0
Drowzee,It finds really fun dreams tasty. When it makes friends with people,0
Hypno,As a matter of course,0
Krabby,Krabby live on beaches,0
Kingler,Kingler has an enormous,0
Voltorb,Voltorb is extremely sensitive—it explodes at the slightest of shocks. It is rumored that it was first created when a Poké Ball was exposed to a powerful pulse of energy.,0
Electrode,One of Electrode’s characteristics is its attraction to electricity. It is a problematical Pokémon that congregates mostly at electrical power plants to feed on electricity that has just been generated.,0
Exeggcute,Six of them together form a full-fledged Pokémon. It’s often hunted by Crabrawler,0
Exeggutor,When the time comes,0
Cubone,The skull it wears on its head is that of its dead mother. According to some,0
Marowak,This Pokémon is out for vengeance on its natural enemy,0
Hitmonlee,Hitmonlee’s legs freely contract and stretch. Using these springlike legs,0
Hitmonchan,Hitmonchan is said to possess the spirit of a boxer who had been working toward a world championship. This Pokémon has an indomitable spirit and will never give up in the face of adversity.,0
Lickitung,Whenever Lickitung comes across something new,0
Koffing,Koffing embodies toxic substances. It mixes the toxins with raw garbage to set off a chemical reaction that results in a terribly powerful poison gas. The higher the temperature,0
Weezing,Weezing alternately shrinks and inflates its twin bodies to mix together toxic gases inside. The more the gases are mixed,0
Rhyhorn,Rhyhorn’s brain is very small. It is so dense,0
Rhydon,Rhydon has a horn that serves as a drill. It is used for destroying rocks and boulders. This Pokémon occasionally rams into streams of magma,0
Chansey,Not only are these Pokémon fast runners,0
Tangela,Tangela’s vines snap off easily if they are grabbed. This happens without pain,0
Kangaskhan,The child in its pouch leaves home after roughly three years. That is the only time the mother is heard to cry wildly.,0
Horsea,If Horsea senses danger,0
Seadra,Seadra generates whirlpools by spinning its body. The whirlpools are strong enough to swallow even fishing boats. This Pokémon weakens prey with these currents,0
Goldeen,Spellbound by the length of its horn and the beauty of its fins,0
Seaking,Trainers who are crazy for Seaking are divided into horn enthusiasts and fin enthusiasts. The two groups do not get along well.,0
Staryu,This Pokémon gets nibbled on by Lumineon and others. Thanks to its red core,0
Starmie,Its unusual body shape,0
Mr. Mime,Mr. Mime is a master of pantomime. Its gestures and motions convince watchers that something unseeable actually exists. Once the watchers are convinced,0
Scyther,While young,0
Jynx,Jynx walks rhythmically,0
Electabuzz,Electricity leaks from it in amounts far greater than the amount of electricity it eats.,0
Magmar,When angered,0
Pinsir,One solid blow from its horns is enough to split apart a large tree. Its greatest rival in Alola is Vikavolt.,0
Tauros,Although it’s known to be a fierce Pokémon,0
Magikarp,Its reckless leaps make it easy pickings for predators. On the bright side,0
Gyarados,There are people who swear that any place Gyarados appears is fated for destruction.,0
Lapras,These Pokémon were once near extinction due to poaching. Following protective regulations,0
Ditto,With its astonishing capacity for metamorphosis,0
Eevee,Current studies show it can evolve into an incredible eight different species of Pokémon.,0
Vaporeon,Blending in with the water and erasing all signs of its presence,0
Jolteon,When its fur stands on end,0
Flareon,Its average body temperature is between 1,0
Porygon,It can convert its body into digital data,0
Omanyte,Omanyte is one of the ancient and long-since-extinct Pokémon that have been regenerated from fossils by people. If attacked by an enemy,0
Omastar,Omastar uses its tentacles to capture its prey. It is believed to have become extinct because its shell grew too large and heavy,0
Kabuto,Kabuto is a Pokémon that has been regenerated from a fossil. However,0
Kabutops,Kabutops swam underwater to hunt for its prey in ancient times. The Pokémon was apparently evolving from being a water dweller to living on land as evident from the beginnings of change in its gills and legs.,0
Aerodactyl,In ancient times,0
Snorlax,It eats nearly 900 pounds of food every day. It starts nodding off while eating—and continues to eat even while it’s asleep.,0
Articuno,Articuno is a legendary bird Pokémon that can control ice. The flapping of its wings chills the air. As a result,1
Zapdos,Zapdos is a legendary bird Pokémon that has the ability to control electricity. It usually lives in thunderclouds. The Pokémon gains power if it is stricken by lightning bolts.,1
Moltres,Moltres is a legendary bird Pokémon that has the ability to control fire. If this Pokémon is injured,1
Dratini,After a 10-hour struggle,0
Dragonair,From time immemorial,0
Dragonite,Incur the wrath of this normally calm Pokémon at your peril,0
Mewtwo,Mewtwo is a Pokémon that was created by genetic manipulation. However,1
Mew,Mew is said to possess the genetic composition of all Pokémon. It is capable of making itself invisible at will,1
Chikorita,In battle,0
Bayleef,Bayleef’s neck is ringed by curled-up leaves. Inside each tubular leaf is a small shoot of a tree. The fragrance of this shoot makes people peppy.,0
Meganium,The fragrance of Meganium’s flower soothes and calms emotions. In battle,0
Cyndaquil,Cyndaquil protects itself by flaring up the flames on its back. The flames are vigorous if the Pokémon is angry. However,0
Quilava,Quilava keeps its foes at bay with the intensity of its flames and gusts of superheated air. This Pokémon applies its outstanding nimbleness to dodge attacks even while scorching the foe with flames.,0
Typhlosion,Typhlosion obscures itself behind a shimmering heat haze that it creates using its intensely hot flames. This Pokémon creates blazing explosive blasts that burn everything to cinders.,0
Totodile,Despite the smallness of its body,0
Croconaw,Once Croconaw has clamped its jaws on its foe,0
Feraligatr,Feraligatr intimidates its foes by opening its huge mouth. In battle,0
Sentret,When Sentret sleeps,0
Furret,Furret has a very slim build. When under attack,0
Hoothoot,Hoothoot has an internal organ that senses and tracks the earth’s rotation. Using this special organ,0
Noctowl,Noctowl never fails at catching prey in darkness. This Pokémon owes its success to its superior vision that allows it to see in minimal light,0
Ledyba,They communicate with one another using bodily fluids that give off odors. When they’re angry,0
Ledian,In battle,0
Spinarak,Some fishermen weave its sturdy thread into nets to catch fish Pokémon.,0
Ariados,It spins thread from both its rear and its mouth. Then it wraps its prey up in thread and sips their bodily fluids at its leisure.,0
Crobat,Silent and swift in its four-winged flight,0
Chinchou,It lives in the depths beyond the reach of sunlight. It flashes lights on its antennae to communicate with others of its kind.,0
Lanturn,This Pokémon flashes a bright light that blinds its prey. This creates an opening for it to deliver an electrical attack.,0
Pichu,Despite this Pokémon’s cute appearance,0
Cleffa,Because of its silhouette,0
Igglybuff,It moves by bouncing along. As it moves a lot,0
Togepi,As its energy,0
Togetic,Togetic is said to be a Pokémon that brings good fortune. When the Pokémon spots someone who is pure of heart,0
Natu,Natu has a highly developed jumping ability. The Pokémon flaps and leaps onto tree branches that are taller than grown-up people to pick at the tree’s new shoots.,0
Xatu,Xatu is known to stand motionless while staring at the sun all day long. Some people revere it as a mystical Pokémon out of their belief that Xatu is in possession of the power to see into the future.,0
Mareep,Mareep’s fluffy coat of wool rubs together and builds a static charge. The more static electricity is charged,0
Flaaffy,Flaaffy’s wool quality changes so that it can generate a high amount of static electricity with a small amount of wool. The bare and slick parts of its hide are shielded against electricity.,0
Ampharos,Ampharos gives off so much light that it can be seen even from space. People in the old days used the light of this Pokémon to send signals back and forth with others far away.,0
Bellossom,A Bellossom grows flowers more beautifully if it has evolved from a smelly Gloom—the more stinky the better. At night,0
Marill,When fishing for food at the edge of a fast-running stream,0
Azumarill,Azumarill can make balloons out of air. It makes these air balloons if it spots a drowning Pokémon. The air balloons enable the Pokémon in trouble to breathe.,0
Sudowoodo,Apparently,0
Politoed,It’s the leader of Poliwag and Poliwhirl. When Politoed roars,0
Hoppip,This Pokémon drifts and floats with the wind. If it senses the approach of strong winds,0
Skiploom,Skiploom’s flower blossoms when the temperature rises above 64 degrees Fahrenheit. How much the flower opens depends on the temperature. For that reason,0
Jumpluff,Jumpluff rides warm southern winds to cross the sea and fly to foreign lands. The Pokémon descends to the ground when it encounters cold air while it is floating.,0
Aipom,Aipom’s tail ends in a hand-like appendage that can be cleverly manipulated. However,0
Sunkern,Sunkern tries to move as little as it possibly can. It does so because it tries to conserve all the nutrients it has stored in its body for its evolution. It will not eat a thing,0
Sunflora,Sunflora converts solar energy into nutrition. It moves around actively in the daytime when it is warm. It stops moving as soon as the sun goes down for the night.,0
Yanma,Yanma is capable of seeing 360 degrees without having to move its eyes. It is a great flier that is adept at making sudden stops and turning midair. This Pokémon uses its flying ability to quickly chase down targeted prey.,0
Wooper,Wooper usually lives in water. However,0
Quagsire,Quagsire hunts for food by leaving its mouth wide open in water and waiting for its prey to blunder in unaware. Because the Pokémon does not move,0
Espeon,It unleashes psychic power from the orb on its forehead. When its power is exhausted,0
Umbreon,With its black fur,0
Murkrow,Seen as a symbol of bad luck,0
Slowking,This Pokémon is so famed for its intellect that a proverb still persists in some regions: “When in doubt,0
Misdreavus,If you hear a sobbing sound emanating from a vacant room,0
Unown,This Pokémon is shaped like ancient writing. It is a mystery as to which came first,0
Wobbuffet,Wobbuffet does nothing but endure attacks—it won’t attack on its own. However,0
Girafarig,Girafarig’s rear head contains a tiny brain that is too small for thinking. However,0
Pineco,Pineco hangs from a tree branch and patiently waits for prey to come along. If the Pokémon is disturbed while eating by someone shaking its tree,0
Forretress,Forretress conceals itself inside its hardened steel shell. The shell is opened when the Pokémon is catching prey,0
Dunsparce,Dunsparce has a drill for its tail. It uses this tail to burrow into the ground backward. This Pokémon is known to make its nest in complex shapes deep under the ground.,0
Gligar,Gligar glides through the air without a sound as if it were sliding. This Pokémon hangs on to the face of its foe using its clawed hind legs and the large pincers on its forelegs,0
Steelix,Steelix lives even further underground than Onix. This Pokémon is known to dig toward the earth’s core. There are records of this Pokémon reaching a depth of over six-tenths of a mile underground.,0
Snubbull,Its growls make its opponents uneasy. This laid-back Pokémon tends to sleep half the day.,0
Granbull,More timid than Snubbull,0
Qwilfish,Qwilfish sucks in water,0
Scizor,Once it has identified an enemy,0
Shuckle,Shuckle quietly hides itself under rocks,0
Heracross,Heracross has sharp claws on its feet. These are planted firmly into the ground or the bark of a tree,0
Sneasel,It uses its claws to poke holes in eggs so it can slurp out the insides. Breeders consider it a scourge and will drive it away or eradicate it.,0
Teddiursa,This Pokémon likes to lick its palms that are sweetened by being soaked in honey. Teddiursa concocts its own honey by blending fruits and pollen collected by Beedrill.,0
Ursaring,In the forests inhabited by Ursaring,0
Slugma,Slugma does not have any blood in its body. Instead,0
Magcargo,Magcargo’s body temperature is approximately 18,0
Swinub,Swinub roots for food by rubbing its snout against the ground. Its favorite food is a mushroom that grows under the cover of dead grass. This Pokémon occasionally roots out hot springs.,0
Piloswine,Piloswine is covered by a thick coat of long hair that enables it to endure the freezing cold. This Pokémon uses its tusks to dig up food that has been buried under ice.,0
Corsola,Pursued by Mareanie for the branches on its head,0
Remoraid,Remoraid sucks in water,0
Octillery,Octillery grabs onto its foe using its tentacles. This Pokémon tries to immobilize it before delivering the finishing blow. If the foe turns out to be too strong,0
Delibird,It has a generous habit of sharing its food with people and Pokémon,0
Mantine,On sunny days,0
Skarmory,Its metal body is sturdy,0
Houndour,Houndour hunt as a coordinated pack. They communicate with each other using a variety of cries to corner their prey. This Pokémon’s remarkable teamwork is unparalleled.,0
Houndoom,In a Houndoom pack,0
Kingdra,Kingdra sleeps on the seafloor where it is otherwise devoid of life. When a storm arrives,0
Phanpy,Phanpy uses its long nose to shower itself. When others gather around,0
Donphan,If Donphan were to tackle with its hard body,0
Porygon2,Porygon was updated to a new version in readiness for planetary development. But that dream remains unrealized as yet.,0
Stantler,Stantler’s magnificent antlers were traded at high prices as works of art. As a result,0
Smeargle,It draws symbols all over the place to mark its territory. In towns with many Smeargle,0
Tyrogue,Tyrogue becomes stressed out if it does not get to train every day. When raising this Pokémon,0
Hitmontop,Hitmontop spins on its head at high speed,0
Smoochum,Smoochum actively runs about,0
Elekid,This Pokémon is constantly fighting with Togedemaru that try to steal its electricity. It’s a pretty even match.,0
Magby,A famous potter lives with a Magby. Apparently its soft flames produce fine works.,0
Miltank,Most people raise it for its milk,0
Blissey,Its fluffy fur coat acts as a sensor,0
Raikou,Raikou embodies the speed of lightning. The roars of this Pokémon send shock waves shuddering through the air and shake the ground as if lightning bolts had come crashing down.,1
Entei,Entei embodies the passion of magma. This Pokémon is thought to have been born in the eruption of a volcano. It sends up massive bursts of fire that utterly consume all that they touch.,1
Suicune,Suicune embodies the compassion of a pure spring of water. It runs across the land with gracefulness. This Pokémon has the power to purify dirty water.,1
Larvitar,Larvitar is born deep under the ground. To come up to the surface,0
Pupitar,Pupitar creates a gas inside its body that it compresses and forcefully ejects to propel itself like a jet. The body is very durable—it avoids damage even if it hits solid steel.,0
Tyranitar,Tyranitar is so overwhelmingly powerful,0
Lugia,Lugia’s wings pack devastating power—a light fluttering of its wings can blow apart regular houses. As a result,1
Celebi,This Pokémon came from the future by crossing over time. It is thought that so long as Celebi appears,1
Treecko,Treecko is cool,0
Grovyle,This Pokémon adeptly flies from branch to branch in trees. In a forest,0
Sceptile,Sceptile has seeds growing on its back. They are said to be bursting with nutrients that revitalize trees. This Pokémon raises the trees in a forest with loving care.,0
Torchic,Torchic has a place inside its body where it keeps its flame. Give it a hug—it will be glowing with warmth. This Pokémon is covered all over by a fluffy coat of down.,0
Combusken,Combusken battles with the intensely hot flames it spews from its beak and with outstandingly destructive kicks. This Pokémon’s cry is very loud and distracting.,0
Blaziken,Blaziken has incredibly strong legs—it can easily clear a 30-story building in one leap. This Pokémon’s blazing punches leave its foes scorched and blackened.,0
Mudkip,In water,0
Marshtomp,Marshtomp is much faster at traveling through mud than it is at swimming. This Pokémon’s hindquarters exhibit obvious development,0
Swampert,Swampert predicts storms by sensing subtle differences in the sounds of waves and tidal winds with its fins. If a storm is approaching,0
Poochyena,Poochyena is an omnivore—it will eat anything. A distinguishing feature is how large its fangs are compared to its body. This Pokémon tries to intimidate its foes by making the hair on its tail bristle out.,0
Mightyena,Mightyena travel and act as a pack in the wild. The memory of its life in the wild compels the Pokémon to obey only those Trainers that it recognizes to possess superior skill.,0
Zigzagoon,The hair on Zigzagoon’s back is bristly. It rubs the hard back hair against trees to leave its territorial markings. This Pokémon may play dead to fool foes in battle.,0
Linoone,When hunting,0
Wurmple,Wurmple is targeted by Swellow as prey. This Pokémon will try to resist by pointing the spikes on its rear at the attacking predator. It will weaken the foe by leaking poison from the spikes.,0
Silcoon,Silcoon was thought to endure hunger and not consume anything before its evolution. However,0
Beautifly,Beautifly has a long mouth like a coiled needle,0
Cascoon,If it is attacked,0
Dustox,When Dustox flaps its wings,0
Lotad,Lotad is said to have dwelled on land before. However,0
Lombre,Lombre’s entire body is covered by a slippery,0
Ludicolo,Upon hearing an upbeat and cheerful rhythm,0
Seedot,Seedot looks exactly like an acorn when it is dangling from a tree branch. It startles other Pokémon by suddenly moving. This Pokémon polishes its body once a day using leaves.,0
Nuzleaf,This Pokémon pulls out the leaf on its head and makes a flute with it. The sound of Nuzleaf’s flute strikes fear and uncertainty in the hearts of people lost in a forest.,0
Shiftry,Shiftry’s large fans generate awesome gusts of wind at a speed close to 100 feet per second. The whipped-up wind blows anything away. This Pokémon chooses to live quietly deep in forests.,0
Taillow,Taillow is young—it has only just left its nest. As a result,0
Swellow,Swellow is very conscientious about the upkeep of its glossy wings. Once two Swellow are gathered,0
Wingull,Fishermen keep an eye out for Wingull in the sky,0
Pelipper,Gathering food is the work of young males. They store food in their capacious beaks and carry it back to others waiting in the nest.,0
Ralts,Ralts has the ability to sense the emotions of people. If its Trainer is in a cheerful mood,0
Kirlia,Kirlia uses the horns on its head to amplify its psychokinetic power. When the Pokémon uses its power,0
Gardevoir,Gardevoir has the psychokinetic power to distort the dimensions and create a small black hole. This Pokémon will try to protect its Trainer even at the risk of its own life.,0
Surskit,When this Pokémon senses danger,0
Masquerain,Its wings and antennae don’t cope well with moisture. After a rain,0
Shroomish,If Shroomish senses danger,0
Breloom,The seeds ringing Breloom’s tail are made of hardened toxic spores. It is horrible to eat the seeds. Just taking a bite of this Pokémon’s seed will cause your stomach to rumble.,0
Slakoth,Slakoth’s heart beats just once a minute. Whatever happens,0
Vigoroth,Vigoroth is simply incapable of remaining still. Even when it tries to sleep,0
Slaking,Wherever Slaking live,0
Nincada,Nincada lives underground. It uses its sharp claws to carve the roots of trees and absorb moisture and nutrients. This Pokémon can’t withstand bright sunlight so avoids it.,0
Ninjask,If Ninjask is not trained properly,0
Shedinja,Shedinja is a peculiar Pokémon. It seems to appear unsought in a Poké Ball after a Nincada evolves. This bizarre Pokémon is entirely immobile—it doesn’t even breathe.,0
Whismur,Whismur is very timid. If it starts to cry loudly,0
Loudred,Loudred shouts while stamping its feet. After it finishes shouting,0
Exploud,Exploud communicates its feelings to the others by emitting whistle-like sounds from the tubes on its body. This Pokémon only raises its voice when it is in battle.,0
Makuhita,Their daily routine consists of training together first thing in the morning,0
Hariyama,They love to compare their freakish strength— strength enough to send a truck flying with a single slap.,0
Azurill,Azurill’s tail is large and bouncy. It is packed full of the nutrients this Pokémon needs to grow. Azurill can be seen bouncing and playing on its big,0
Nosepass,It uses powerful magnetism to drag its prey toward it. It’s also been known to pull in metal,0
Skitty,Skitty is known to chase around playfully after its own tail. In the wild,0
Delcatty,Delcatty sleeps anywhere it wants without keeping a permanent nest. If other Pokémon approach it as it sleeps,0
Sableye,This Pokémon is feared. When its gemstone eyes begin to glow with a sinister shine,0
Mawile,Don’t be taken in by this Pokémon’s cute face—it’s very dangerous. Mawile fools the foe into letting down its guard,0
Aron,Aron has a body of steel. With one all-out charge,0
Lairon,Lairon feeds on iron contained in rocks and water. It makes its nest on mountains where iron ore is buried. As a result,0
Aggron,Aggron is protective of its environment. If its mountain is ravaged by a landslide or a fire,0
Meditite,Meditite heightens its inner energy through meditation. It survives on just one berry a day. Minimal eating is another aspect of this Pokémon’s training.,0
Medicham,Through the power of meditation,0
Electrike,Electrike runs faster than the human eye can follow. The friction from running is converted into electricity,0
Manectric,Manectric discharges strong electricity from its mane. The mane is used for collecting electricity in the atmosphere. This Pokémon creates thunderclouds above its head.,0
Plusle,When Plusle is cheering on its partner,0
Minun,Minun loves to cheer on its partner in battle. It gives off sparks from its body while it is doing so. If its partner is in trouble,0
Volbeat,Volbeat’s tail glows like a lightbulb. With other Volbeat,0
Illumise,Illumise leads a flight of illuminated Volbeat to draw signs in the night sky. This Pokémon is said to earn greater respect from its peers by composing more complex designs in the sky.,0
Roselia,On extremely rare occasions,0
Gulpin,Most of Gulpin’s body is made up of its stomach—its heart and brain are very small in comparison. This Pokémon’s stomach contains special enzymes that dissolve anything.,0
Swalot,Swalot has no teeth,0
Carvanha,If they scent the faintest trace of blood,0
Sharpedo,It has a sad history. In the past,0
Wailmer,It shows off by spraying jets of seawater from the nostrils above its eyes. It eats a solid ton of Wishiwashi every day.,0
Wailord,Its immense size is the reason for its popularity. Wailord watching is a favorite sightseeing activity in various parts of the world.,0
Numel,Numel stores magma of almost 2,0
Camerupt,The humps on Camerupt’s back are formed by a transformation of its bones. They sometimes blast out molten magma. This Pokémon apparently erupts often when it is enraged.,0
Torkoal,If the fire burning within its shell goes out,0
Spoink,Spoink keeps a pearl on top of its head. The pearl functions to amplify this Pokémon’s psychokinetic powers. It is therefore on a constant search for a bigger pearl.,0
Grumpig,Grumpig uses the black pearls on its body to wield its fantastic powers. When it is doing so,0
Spinda,Each and every Spinda has a slightly different configuration of spots. There are collectors who enjoy the tiny differences in their spot patterns.,0
Trapinch,As it digs through the sand,0
Vibrava,To help make its wings grow,0
Flygon,This Pokémon hides in the heart of sandstorms it creates and seldom appears where people can see it.,0
Cacnea,The more arid and harsh the environment,0
Cacturne,If a traveler is going through a desert in the thick of night,0
Swablu,Swablu loves to make things clean. If it spots something dirty,0
Altaria,Altaria sings in a gorgeous soprano. Its wings are like cotton clouds. This Pokémon catches updrafts with its buoyant wings and soars way up into the wild blue yonder.,0
Zangoose,Zangoose usually stays on all fours,0
Seviper,Seviper’s swordlike tail serves two purposes—it slashes foes and douses them with secreted poison. This Pokémon will not give up its long-running blood feud with Zangoose.,0
Lunatone,Lunatone becomes active around the time of the full moon. Instead of walking,0
Solrock,Sunlight is the source of Solrock’s power. It is said to possess the ability to read the emotions of others. This Pokémon gives off intense heat while rotating its body.,0
Barboach,Its slippery body is hard to grasp,0
Whiscash,Sighting Whiscash leaping from the water is believed to herald an earthquake.,0
Corphish,Corphish catches prey with its sharp claws. It has no likes or dislikes when it comes to food—it will eat anything. This Pokémon has no trouble living in filthy water.,0
Crawdaunt,Crawdaunt molts (sheds) its shell regularly. Immediately after molting,0
Baltoy,As soon as it spots others of its kind,0
Claydol,Claydol is an enigma that appeared from a clay statue made by an ancient civilization dating back 20,0
Lileep,Lileep is an ancient Pokémon that was regenerated from a fossil. It remains permanently anchored to a rock. From its immobile perch,0
Cradily,Cradily’s body serves as an anchor,0
Anorith,Anorith is said to be a type of Pokémon predecessor,0
Armaldo,Armaldo is a Pokémon species that became extinct in prehistoric times. This Pokémon is said to have walked on its hind legs,0
Feebas,Although unattractive and unpopular,0
Milotic,It lives at the bottom of clear lakes. In times of war,0
Castform,Its form changes on its own,0
Kecleon,Kecleon alters its body coloration to blend in with its surroundings,0
Shuppet,Shuppet grows by feeding on dark emotions,0
Banette,A cursed energy permeated the stuffing of a discarded and forgotten plush doll,0
Duskull,Duskull wanders lost among the deep darkness of midnight. There is an oft-told admonishment given to misbehaving children that this Pokémon will spirit away bad children who earn scoldings from their mothers.,0
Dusclops,Dusclops absorbs anything,0
Tropius,Children of the southern tropics eat as snacks the fruit that grows in bunches around the neck of Tropius. This Pokémon flies by flapping the leaves on its back as if they were wings.,0
Chimecho,In high winds,0
Absol,Although it’s said to bring disaster,0
Wynaut,Wynaut gather on moonlit nights to play by squeezing up against each other. By being squeezed,0
Snorunt,It can only survive in cold areas. It bounces happily around,0
Glalie,Its prey is instantaneously frozen stiff by the cold air it exhales from its huge mouth. While they’re in that frozen state,0
Spheal,Spheal always travels by rolling around on its ball-like body. When the season for ice floes arrives,0
Sealeo,Sealeo often balances and rolls things on the tip of its nose. While the Pokémon is rolling something,0
Walrein,Walrein swims all over in frigid seawater while crushing icebergs with its grand,0
Clamperl,Clamperl grows while being protected by its rock-hard shell. When its body becomes too large to fit inside the shell,0
Huntail,Huntail’s tail is shaped like a fish. It uses the tail to attract prey,0
Gorebyss,Although Gorebyss is the very picture of elegance and beauty while swimming,0
Relicanth,It was fortuitously discovered during a deep sea expedition. Its teeth have atrophied,0
Luvdisc,Loving couples have a soft spot for this Pokémon,0
Bagon,With its steel-hard stone head,0
Shelgon,They lurk deep within caves—motionless,0
Salamence,It flies around on its wings,0
Beldum,With magnetic traction,0
Metang,It adores magnetic minerals,0
Metagross,A linkage of two Metang,0
Regirock,Regirock’s body is composed entirely of rocks. Recently,1
Regice,Regice cloaks itself with frigid air of -328 degrees Fahrenheit. Things will freeze solid just by going near this Pokémon. Its icy body is so cold,1
Registeel,Registeel was imprisoned by people in ancient times. The metal composing its body is thought to be a curious substance that is not of this earth.,1
Latias,Latias is highly intelligent and capable of understanding human speech. It is covered with a glass-like down. The Pokémon enfolds its body with its down and refracts light to alter its appearance.,1
Latios,Latios will only open its heart to a Trainer with a compassionate spirit. This Pokémon can fly faster than a jet plane by folding its forelegs to minimize air resistance.,1
Kyogre,Kyogre is said to be the personification of the sea itself. Legends tell of its many clashes against Groudon,1
Groudon,Through Primal Reversion and with nature’s full power,1
Rayquaza,It flies forever through the ozone layer,1
Jirachi,Jirachi will awaken from its sleep of a thousand years if you sing to it in a voice of purity. It is said to make true any wish that people desire.,1
Deoxys,Deoxys emerged from a virus that came from space. It is highly intelligent and wields psychokinetic powers. This Pokémon shoots lasers from the crystalline organ on its chest.,1
Turtwig,It undertakes photosynthesis with its body,0
Grotle,It knows where pure water wells up. It carries fellow Pokémon there on its back.,0
Torterra,Small Pokémon occasionally gather on its unmoving back to begin building their nests.,0
Chimchar,The gas made in its belly burns from its rear end. The fire burns weakly when it feels sick.,0
Monferno,It uses ceilings and walls to launch aerial attacks. Its fiery tail is but one weapon.,0
Infernape,It tosses its enemies around with agility. It uses all its limbs to fight in its own unique style.,0
Piplup,Because it is very proud,0
Prinplup,It lives a solitary life. Its wings deliver wicked blows that can snap even the thickest of trees.,0
Empoleon,The three horns that extend from its beak attest to its power. The leader has the biggest horns.,0
Starly,They flock around mountains and fields,0
Staravia,It lives in forests and fields. Squabbles over territory occur when flocks collide.,0
Staraptor,When Staravia evolve into Staraptor,0
Bidoof,It constantly gnaws on logs and rocks to whittle down its front teeth. It nests alongside water.,0
Bibarel,It makes its nest by damming streams with bark and mud. It is known as an industrious worker.,0
Kricketot,When its antennae hit each other,0
Kricketune,It signals its emotions with its melodies. Scientists are studying these melodic patterns.,0
Shinx,All of its fur dazzles if danger is sensed. It flees while the foe is momentarily blinded.,0
Luxio,Strong electricity courses through the tips of its sharp claws. A light scratch causes fainting in foes.,0
Luxray,When its eyes gleam gold,0
Budew,Over the winter,0
Roserade,With the movements of a dancer,0
Cranidos,In rock layers where Cranidos fossils are found,0
Rampardos,Records exist of a revived fossil that evolved into Rampardos. It proceeded to escape and then destroy a skyscraper with a headbutt.,0
Shieldon,This Pokémon lived in primeval jungles. Few enemies would have been willing to square off against its heavily armored face,0
Bastiodon,It lived in the same environments as Rampardos. Their fossils have been found together— seemingly from after they’d fought to the finish.,0
Burmy,If its cloak is broken in battle,0
Wormadam,When Burmy evolved,0
Mothim,It flutters around at night and steals honey from the Combee hive.,0
Combee,It collects and delivers honey to its colony. At night,0
Vespiquen,Its abdomen is a honeycomb for grubs. It raises its grubs on honey collected by Combee.,0
Pachirisu,A pair may be seen rubbing their cheek pouches together in an effort to share stored electricity.,0
Buizel,It inflates the flotation sac around its neck and pokes its head out of the water to see what is going on.,0
Floatzel,Its flotation sac developed as a result of pursuing aquatic prey. It can double as a rubber raft.,0
Cherubi,It evolves by sucking the energy out of the small ball where it had been storing nutrients.,0
Cherrim,If it senses strong sunlight,0
Shellos,Purple mucus sticks to the hands of anyone who touches it. Take care,0
Gastrodon,Plankton,0
Ambipom,To eat,0
Drifloon,If for some reason its body bursts,0
Drifblim,Even while under careful observation,0
Buneary,When it senses danger,0
Lopunny,The ears appear to be delicate. If they are touched roughly,0
Mismagius,Mismagius have been known to cast spells to make people fall in love,0
Honchkrow,If its Murkrow cronies fail to catch food for it,0
Glameow,When it’s happy,0
Purugly,To make itself appear intimidatingly beefy,0
Chingling,There is an orb inside its mouth. When it hops,0
Stunky,It protects itself by spraying a noxious fluid from its rear. The stench lingers for 24 hours.,0
Skuntank,It sprays a stinky fluid from its tail. The fluid smells worse the longer it is allowed to fester.,0
Bronzor,Implements shaped like it were discovered in ancient tombs. It is unknown if they are related.,0
Bronzong,Ancient people believed that petitioning Bronzong for rain was the way to make crops grow.,0
Bonsly,From its eyes,0
Mime Jr.,It habitually mimics foes. Once mimicked,0
Happiny,It’s too small to lay eggs yet. As a surrogate,0
Chatot,It can learn and speak human words. If they gather,0
Spiritomb,It was bound to a fissure in an odd keystone as punishment for misdeeds 500 years ago.,0
Gible,It skulks in caves,0
Gabite,Shiny objects are its passion. It can be found in its cave,0
Garchomp,The protuberances on its head serve as sensors. It can even detect distant prey.,0
Munchlax,When it finds something that looks like it might be edible,0
Riolu,It’s tough enough to run right through the night,0
Lucario,They can detect the species of a living being— and its emotions—from over half a mile away. They control auras and hunt their prey in packs.,0
Hippopotas,It enshrouds itself with sand to protect itself from germs. It does not enjoy getting wet.,0
Hippowdon,It blasts internally stored sand from ports on its body to create a towering twister for attack.,0
Skorupi,It burrows under the sand to lie in wait for prey. Its tail claws can inject its prey with a savage poison.,0
Drapion,It has the power in its clawed arms to make scrap of a car. The tips of its claws release poison.,0
Croagunk,Inflating its poison sacs,0
Toxicroak,Its knuckle claws secrete a toxin so vile that even a scratch could prove fatal.,0
Carnivine,It binds itself to trees in marshes. It attracts prey with its sweet-smelling drool and gulps them down.,0
Finneon,Its double tail fins propel its energetic jumps. When it breaks the surface of the sea,0
Lumineon,This deep-sea Pokémon lives at the bottom of the sea. Its fins haul it over the seabed in search of its favorite food—Starmie.,0
Mantyke,When it swims close to the surface of the ocean,0
Snover,In the spring,0
Abomasnow,It lives a quiet life on mountains that are perpetually covered in snow. It hides itself by whipping up blizzards.,0
Weavile,They dwell in cold places. This Pokémon’s main food source in Alola is Vulpix and Sandshrew,0
Magnezone,As it zooms through the sky,0
Lickilicky,Their saliva contains lots of components that can dissolve anything. The numbness caused by their lick does not dissipate.,0
Rhyperior,It puts rocks in holes in its palms and uses its muscles to shoot them. Geodude are shot at rare times.,0
Tangrowth,Its vines grow so profusely that,0
Electivire,When it gets excited,0
Magmortar,From its arm,0
Togekiss,It shares many blessings with people who respect one another’s rights and avoid needless strife.,0
Yanmega,This six-legged Pokémon is easily capable of transporting an adult in flight. The wings on its tail help it stay balanced.,0
Leafeon,The younger they are,0
Glaceon,It freezes its fur into icicles,0
Gliscor,Its flight is soundless. It uses its lengthy tail to carry off its prey... Then its elongated fangs do the rest.,0
Mamoswine,Its impressive tusks are made of ice. The population thinned when it turned warm after the ice age.,0
Porygon-Z,Its program was modified to facilitate extra-dimensional activities,0
Gallade,A master of courtesy and swordsmanship,0
Probopass,The main body controls three mobile units called Mini-Noses,0
Dusknoir,The antenna on its head captures radio waves from the world of spirits that command it to take people there.,0
Froslass,The soul of a woman lost on a snowy mountain possessed an icicle,0
Rotom,Its body is composed of plasma. It is known to infiltrate electronic devices and wreak havoc.,0
Uxie,It is said that its emergence gave humans the intelligence to improve their quality of life.,1
Mesprit,It sleeps at the bottom of a lake. Its spirit is said to leave its body to fly on the lake’s surface.,1
Azelf,It is thought that Uxie,1
Dialga,It has the power to control time. It appears in Sinnoh-region myths as an ancient deity.,1
Palkia,It has the ability to distort space. It is described as a deity in Sinnoh-region mythology.,1
Heatran,Boiling blood,1
Regigigas,There is an enduring legend that states this Pokémon towed continents with ropes.,1
Giratina,It was banished for its violence. It silently gazed upon the old world from the Distortion World.,1
Cresselia,Those who sleep holding Cresselia’s feather are assured of joyful dreams. It is said to represent the crescent moon.,1
Phione,It drifts in warm seas. It always returns to where it was born,0
Manaphy,It starts its life with a wondrous power that permits it to bond with any kind of Pokémon.,1
Darkrai,It can lull people to sleep and make them dream. It is active during nights of the new moon.,1
Shaymin,The blooming of Gracidea flowers confers the power of flight upon it. Feelings of gratitude are the message it delivers.,1
Arceus,It is told in mythology that this Pokémon was born before the universe even existed.,1
Victini,When it shares the infinite energy it creates,1
Snivy,They photosynthesize by bathing their tails in sunlight. When they are not feeling well,0
Servine,When it gets dirty,0
Serperior,It can stop its opponents’ movements with just a glare. It takes in solar energy and boosts it internally.,0
Tepig,It loves to eat roasted berries,0
Pignite,When its internal fire flares up,0
Emboar,It has mastered fast and powerful fighting moves. It grows a beard of fire.,0
Oshawott,The scalchop on its stomach isn’t just used for battle—it can be used to break open hard berries as well.,0
Dewott,As a result of strict training,0
Samurott,One swing of the sword incorporated in its armor can fell an opponent. A simple glare from one of them quiets everybody.,0
Patrat,Extremely cautious,0
Watchog,When they see an enemy,0
Lillipup,The long fur surrounding its face functions as radar,0
Herdier,This Pokémon obeys its master’s orders faithfully. However,0
Stoutland,With this wise Pokémon,0
Purrloin,They steal from people for fun,0
Liepard,Stealthily,0
Pansage,It’s good at finding berries and gathers them from all over. It’s kind enough to share them with friends.,0
Simisage,Ill tempered,0
Pansear,This Pokémon lives in caves in volcanoes. The fire within the tuft on its head can reach 600 degrees Fahrenheit.,0
Simisear,When it gets excited,0
Panpour,The water stored inside the tuft on its head is full of nutrients. Plants that receive its water grow large.,0
Simipour,It prefers places with clean water. When its tuft runs low,0
Munna,It eats the dreams of people and Pokémon. When it eats a pleasant dream,0
Musharna,The dream mist coming from its forehead changes into many different colors depending on the dream that was eaten.,0
Pidove,These Pokémon live in cities. They are accustomed to people. Flocks often gather in parks and plazas.,0
Tranquill,No matter where in the world it goes,0
Unfezant,Males have plumage on their heads. They will never let themselves feel close to anyone other than their Trainers.,0
Blitzle,Its mane shines when it discharges electricity. They use the frequency and rhythm of these flashes to communicate.,0
Zebstrika,They have lightning-like movements. When Zebstrika run at full speed,0
Roggenrola,The hexagonal cavity is its ear. It walks in the direction of sounds it hears,0
Boldore,It explores caves in search of underground water. It’s not comfortable around water,0
Gigalith,Known for its hefty horsepower,0
Woobat,The heart-shaped mark left on a body after a Woobat has been attached to it is said to bring good fortune.,0
Swoobat,Anyone who comes into contact with the ultrasonic waves emitted by a courting male experiences a positive mood shift.,0
Drilbur,By spinning its body,0
Excadrill,More than 300 feet below the surface,0
Audino,It touches others with the feelers on its ears,0
Timburr,Always carrying squared logs,0
Gurdurr,This Pokémon is so muscular and strongly built that even a group of wrestlers could not make it budge an inch.,0
Conkeldurr,Rather than rely on force,0
Tympole,By vibrating its cheeks,0
Palpitoad,It lives in the water and on land. It uses its long,0
Seismitoad,They shoot paralyzing liquid from their head bumps. They use vibration to hurt their opponents.,0
Throh,When it encounters a foe bigger than itself,0
Sawk,Tying their belts gets them pumped and makes their punches more destructive. Disturbing their training angers them.,0
Sewaddle,Since this Pokémon makes its own clothes out of leaves,0
Swadloon,It protects itself from the cold by wrapping up in leaves. It stays on the move,0
Leavanny,It keeps its eggs warm with heat from fermenting leaves. It also uses leaves to make warm wrappings for Sewaddle.,0
Venipede,Its bite injects a potent poison,0
Whirlipede,It is usually motionless,0
Scolipede,With quick movements,0
Cottonee,Pillows and beds stuffed with cotton exhaled by Cottonee are soft and puffy,0
Whimsicott,This Pokémon appears,0
Petilil,By pruning the leaves on its head with regularity,0
Lilligant,As soon as it finds a male to be its partner,0
Basculin,Red and blue Basculin usually do not get along,0
Sandile,It conceals itself in the sand and chomps down on the legs of any prey that unwarily walk over it. Its favorite food is Trapinch.,0
Krokorok,Thanks to the special membrane covering its eyes,0
Krookodile,After clamping down with its powerful jaws,0
Darumaka,When it sleeps,0
Darmanitan,Its internal fire burns at 2,0
Maractus,Arid regions are their habitat. They move rhythmically,0
Dwebble,When it finds a stone of a suitable size,0
Crustle,Competing for territory,0
Scraggy,Proud of its sturdy skull,0
Scrafty,It can smash concrete blocks with its kicking attacks. The one with the biggest crest is the group leader.,0
Sigilyph,The guardians of an ancient city,0
Yamask,Each of them carries a mask that used to be its face when it was human. Sometimes they look at it and cry.,0
Cofagrigus,Grave robbers who mistake them for real coffins and get too close end up trapped inside their bodies.,0
Tirtouga,Reputed to be the ancestor of most turtle Pokémon,0
Carracosta,Active both on land and in the sea,0
Archen,To all appearances flightless,0
Archeops,They hunted in flocks. When one Archeops had the prey cornered,0
Trubbish,It gorges on trash until its stomach is full. Then it belches toxic gas. An unlucky whiff of gas will put a person in the hospital.,0
Garbodor,For a time,0
Zorua,To protect themselves from danger,0
Zoroark,Bonds between these Pokémon are very strong. It protects the safety of its pack by tricking its opponents.,0
Minccino,These Pokémon prefer a tidy habitat. They are always sweeping and dusting,0
Cinccino,Cinccino’s body is coated in a special oil that helps it deflect attacks,0
Gothita,They intently observe both Trainers and Pokémon. Apparently,0
Gothorita,According to many old tales,0
Gothitelle,They can predict the future from the placement and movement of the stars. They can see Trainers’ life spans.,0
Solosis,They drive away attackers by unleashing psychic power. They can use telepathy to talk with others.,0
Duosion,When their two divided brains think the same thoughts,0
Reuniclus,When Reuniclus shake hands,0
Ducklett,They are better at swimming than flying,0
Swanna,Swanna start to dance at dusk. The one dancing in the middle is the leader of the flock.,0
Vanillite,It feels pleasantly cool when embraced. This Pokémon is treasured by households in warm regions.,0
Vanillish,This Pokémon has existed since the Ice Age. It controls particles of ice,0
Vanilluxe,Even if it loses one of its heads,0
Deerling,The turning of the seasons changes the color and scent of this Pokémon’s fur. People use it to mark the seasons.,0
Sawsbuck,They migrate according to the seasons,0
Emolga,It grills berries and bug Pokémon with electric shocks and makes a meal of them. It usually nests in the holes gouged in trees by Pikipek.,0
Karrablast,For some reason they evolve when they receive electrical energy while they are attacking Shelmet.,0
Escavalier,These Pokémon evolve by wearing the shell covering of a Shelmet. The steel armor protects their whole body.,0
Foongus,It lures Pokémon with its pattern that looks just like a Poké Ball,0
Amoonguss,It lures prey close by dancing and waving its arm caps,0
Frillish,If its veil-like arms stun and wrap a foe,0
Jellicent,The fate of the ships and crew that wander into Jellicent’s habitat: all sunken,0
Alomomola,They float upon the open sea. Many water Pokémon gather in the area around Alomomola.,0
Joltik,They attach themselves to large-bodied Pokémon and absorb static electricity,0
Galvantula,When attacked,0
Ferroseed,It absorbs the iron it finds in the rock while clinging to the ceiling. It shoots spikes when in danger.,0
Ferrothorn,They attach themselves to cave ceilings,0
Klink,The two minigears that mesh together are predetermined. Each will rebound from other minigears without meshing.,0
Klang,A minigear and big gear comprise its body. If the minigear it launches at a foe doesn’t return,0
Klinklang,Its red core functions as an energy tank. It fires the charged energy through its spikes into an area.,0
Tynamo,One alone can emit only a trickle of electricity,0
Eelektrik,These Pokémon have a big appetite. When they spot their prey,0
Eelektross,They crawl out of the ocean using their arms. They will attack prey on shore and immediately drag it into the ocean.,0
Elgyem,Rumors of its origin are linked to a UFO crash site in the desert 50 years ago.,0
Beheeyem,It uses psychic power to control an opponent’s brain and tamper with its memories.,0
Litwick,Litwick shines a light that absorbs the life energy of people and Pokémon,0
Lampent,It arrives near the moment of death and steals spirit from the body.,0
Chandelure,The spirits burned up in its ominous flame lose their way and wander this world forever.,0
Axew,They mark their territory by leaving gashes in trees with their tusks. If a tusk breaks,0
Fraxure,A broken tusk will not grow back,0
Haxorus,Their sturdy tusks will stay sharp even if used to cut steel beams. These Pokémon are covered in hard armor.,0
Cubchoo,Their snot is a barometer of health. When healthy,0
Beartic,It freezes its breath to create fangs and claws of ice to fight with. Cold northern areas are its habitat.,0
Cryogonal,They are composed of ice crystals. They capture prey with chains of ice,0
Shelmet,It evolves when bathed in an electric-like energy along with Karrablast. The reason is still unknown.,0
Accelgor,When its body dries out,0
Stunfisk,It conceals itself in the mud of the seashore. Then it waits. When prey touch it,0
Mienfoo,In fights,0
Mienshao,Using the long fur on its arms like whips,0
Druddigon,It warms its body by absorbing sunlight with its wings. When its body temperature falls,0
Golett,Ancient science fashioned this Pokémon from clay. It’s been active for thousands of years.,0
Golurk,It flies across the sky at Mach speeds. Removing the seal on its chest makes its internal energy go out of control.,0
Pawniard,Ignoring their injuries,0
Bisharp,Bisharp pursues prey in the company of a large group of Pawniard. Then Bisharp finishes off the prey.,0
Bouffalant,Their fluffy fur absorbs damage,0
Rufflet,With its sharp claws,0
Braviary,It’s thought that people disturbed their habitats in the past,0
Vullaby,It can’t fly yet and must wait until its wings have developed more. Since it’s still at a playful age,0
Mandibuzz,It circles in the sky,0
Heatmor,It draws in air through its tail,0
Durant,They attack in groups,0
Deino,Lacking sight,0
Zweilous,After it has eaten up all the food in its territory,0
Hydreigon,It responds to movement by attacking. This scary,0
Larvesta,The base of volcanoes is where they make their homes. They shoot fire from their five horns to repel attacking enemies.,0
Volcarona,When volcanic ash darkened the atmosphere,0
Cobalion,It has a body and heart of steel. It worked with its allies to punish people when they hurt Pokémon.,1
Terrakion,Spoken of in legend,1
Virizion,Legends say this Pokémon confounded opponents with its swift movements.,1
Tornadus,Tornadus expels massive energy from its tail,1
Thundurus,As it flies around,1
Reshiram,When Reshiram’s tail flares,1
Zekrom,Concealing itself in lightning clouds,1
Landorus,From the forces of lightning and wind,1
Kyurem,It generates a powerful,1
Keldeo,When it is resolute,1
Meloetta,Its melodies are sung with a special vocalization method that can control the feelings of those who hear it.,1
Genesect,This Pokémon existed 300 million years ago. Team Plasma altered it and attached a cannon to its back.,1
Chespin,Such a thick shell of wood covers its head and back that even a direct hit from a truck wouldn’t faze it.,0
Quilladin,They strengthen their lower bodies by running into one another. They are very kind and won’t start fights.,0
Chesnaught,When it takes a defensive posture with its fists guarding its face,0
Fennekin,As it walks,0
Braixen,When the twig is plucked from its tail,0
Delphox,Using psychic power,0
Froakie,It protects its skin by covering its body in delicate bubbles. Beneath its happy-go-lucky air,0
Frogadier,Its swiftness is unparalleled. It can scale a tower of more than 2,0
Greninja,It appears and vanishes with a ninja’s grace. It toys with its enemies using swift movements,0
Bunnelby,It has ears like shovels. Digging holes strengthens its ears so much that they can sever thick roots effortlessly.,0
Diggersby,As powerful as an excavator,0
Fletchling,When it’s excited,0
Fletchinder,It will not tolerate other Fletchinder entering its territory,0
Talonflame,It zooms directly at its prey at flight speeds of close to 310 mph,0
Scatterbug,The powder that covers its body regulates its temperature,0
Spewpa,The beaks of bird Pokémon can’t begin to scratch its stalwart body. To defend itself,0
Vivillon,The patterns on this Pokémon’s wings depend on the climate and topography of its habitat. It scatters colorful scales.,0
Litleo,They set off on their own from their pride and live by themselves to become stronger. These hot-blooded Pokémon are quick to fight.,0
Pyroar,With fiery breath of more than 10,0
Flabébé,When it finds a flower it likes,0
Floette,When the flowers of a well-tended flower bed bloom,0
Florges,In times long past,0
Skiddo,If it has sunshine and water,0
Gogoat,They inhabit mountainous regions. The leader of the herd is decided by a battle of clashing horns.,0
Pancham,There’s no point to the leaf in its mouth,0
Pangoro,From the slight twitches of its bamboo leaf,0
Furfrou,Historically,0
Espurr,It has enough psychic energy to blast everything within 300 feet of itself,0
Meowstic,The eyeball patterns on the interior of its ears emit psychic energy. It keeps the patterns tightly covered because that power is too immense.,0
Honedge,If anyone dares to grab its hilt,0
Doublade,The complex attack patterns of its two swords are unstoppable,0
Aegislash,Apparently,0
Spritzee,In the past,0
Aromatisse,Its scent is so overpowering that,0
Swirlix,Because it eats nothing but sweets,0
Slurpuff,Its sense of smell is 100 million times better than a human’s,0
Inkay,It flashes the light-emitting spots on its body,0
Malamar,It lures its prey close with hypnotic motions,0
Binacle,They stretch and then contract,0
Barbaracle,Barbaracle’s legs and hands have minds of their own,0
Skrelp,It looks just like rotten kelp. It hides from foes while storing up power for its evolution.,0
Dragalge,Tales are told of ships that wander into seas where Dragalge live,0
Clauncher,Through controlled explosions of internal gas,0
Clawitzer,By expelling water from the nozzle in the back of its claw,0
Helioptile,The frills on either side of its head have cells that generate electricity when exposed to sunlight.,0
Heliolisk,It stimulates its muscles with electricity,0
Tyrunt,Its immense jaws have enough destructive force that it can chew up an automobile. It lived 100 million years ago.,0
Tyrantrum,Nothing could stop this Pokémon 100 million years ago,0
Amaura,This calm Pokémon lived in a cold land where there were no violent predators like Tyrantrum.,0
Aurorus,Using its diamond-shaped crystals,0
Sylveon,When this Pokémon sights its prey,0
Hawlucha,With its wings,0
Dedenne,It uses its tail to absorb electricity from power plants or from outlets in houses,0
Carbink,Although this Pokémon is not especially rare,0
Goomy,Its source of protection is its slimy,0
Sliggoo,This Pokémon’s mucous can dissolve anything. Toothless,0
Goodra,It gets picked on because it’s meek. But then,0
Klefki,It inserts its horn into chinks in metal,0
Phantump,According to legend,0
Trevenant,Through its roots,0
Pumpkaboo,It is said to carry wandering spirits to the place where they belong so they can move on.,0
Gourgeist,It enwraps its prey in its hairlike arms. It sings joyfully as it observes the suffering of its prey.,0
Bergmite,Using air of -150 degrees Fahrenheit,0
Avalugg,The way several Bergmite huddle on its back makes it look like an aircraft carrier made of ice.,0
Noibat,Even a robust wrestler will become dizzy and unable to stand when exposed to its 200,0
Noivern,The ultrasonic waves it emits from its ears can reduce a large boulder to pebbles. It swoops out of the dark to attack.,0
Xerneas,When the horns on its head shine in seven colors,1
Yveltal,When its life comes to an end,1
Zygarde,It’s thought to be monitoring the ecosystem. There are rumors that even greater power lies hidden within it.,1
Diancie,It can instantly create many diamonds by compressing the carbon in the air between its hands.,1
Hoopa,It is said to be able to seize anything it desires with its six rings and six huge arms. With its power sealed,1
Volcanion,It expels its internal steam from the arms on its back. It has enough power to blow away a mountain.,1
Rowlet,Silently it glides,0
Dartrix,It throws sharp feathers called blade quills at enemies or prey. It seldom misses.,0
Decidueye,Although basically cool and cautious,0
Litten,It doesn’t allow its emotions to be easily seen. Earning its trust takes time. It prefers solitude.,0
Torracat,It boasts powerful front legs. With a single punch,0
Incineroar,After hurling ferocious punches and flinging furious kicks,0
Popplio,This Pokémon can control water bubbles. It practices diligently so it can learn to make big bubbles.,0
Brionne,It cares deeply for its companions. When its Trainer is feeling down,0
Primarina,Its singing voice is its chief weapon in battle. This Pokémon’s Trainer must prioritize the daily maintenance of its throat at all costs.,0
Pikipek,This Pokémon feeds on berries,0
Trumbeak,By bending its beak,0
Toucannon,Within its beak,0
Yungoos,It wanders around in a never-ending search for food. At dusk,0
Gumshoos,It adores having Rattata and Raticate for dinner,0
Grubbin,They often gather near places frequented by electric Pokémon in order to avoid being attacked by bird Pokémon.,0
Charjabug,From the food it digests,0
Vikavolt,It produces electricity via an electrical organ in its abdomen. It overwhelms bird Pokémon with shocking beams of electrical energy.,0
Crabrawler,It punches so much,0
Crabominable,It just throws punches indiscriminately. In times of desperation,0
Oricorio,This Oricorio has sipped red nectar. Its passionate dance moves cause its enemies to combust in both body and mind.,0
Cutiefly,Myriads of Cutiefly flutter above the heads of people who have auras resembling those of flowers.,0
Ribombee,Some of Ribombee’s pollen puffs are highly nutritious. They are sometimes sold as supplements.,0
Rockruff,This Pokémon has lived with people since times long ago. It can sense when its Trainer is in the dumps and will stick close by its Trainer’s side.,0
Lycanroc,When properly raised from a young age,0
Wishiwashi,It’s awfully weak and notably tasty,0
Mareanie,It’s found crawling on beaches and seafloors. The coral that grows on Corsola’s head is as good as a five-star banquet to this Pokémon.,0
Toxapex,Those attacked by Toxapex’s poison will suffer intense pain for three days and three nights. Post-recovery,0
Mudbray,It has a stubborn,0
Mudsdale,Its heavy,0
Dewpider,When it comes across enemies or potential prey,0
Araquanid,Despite what its appearance suggests,0
Fomantis,They give off a sweet and refreshing scent. Cutiefly often gather near the tall grass where Fomantis are hiding.,0
Lurantis,It fires beams from its sickle-shaped petals. These beams are powerful enough to cleave through thick metal plates.,0
Morelull,As it drowses the day away,0
Shiinotic,It emits flickering spores that cause drowsiness. When its prey succumb to sleep,0
Salandit,Volcanoes or dry,0
Salazzle,Filled with pheromones,0
Stufful,A touch from anyone except a known friend sends it into a surging frenzy. It’s an incredibly dangerous Pokémon.,0
Bewear,This Pokémon has the habit of hugging its companions. Many Trainers have left this world after their spines were squashed by its hug.,0
Bounsweet,Although it’s too sugary for human consumption,0
Steenee,This Pokémon is always bouncing around energetically. Other Pokémon are attracted by its lively appearance and pleasant aroma.,0
Tsareena,A Pokémon known for the beauty of its well-shaped legs,0
Comfey,Baths prepared with the flowers from its vine have a relaxing effect,0
Oranguru,Deep in the jungle,0
Passimian,They battle with hard berries for weapons. Their techniques are passed from the boss to the group,0
Wimpod,Its habitat varies from beaches to seabeds. A natural scavenger,0
Golisopod,It battles skillfully with its six arms,0
Sandygast,It takes control of anyone who puts a hand in its mouth. And so it adds to the accumulation of its sand-mound body.,0
Palossand,Buried beneath the castle are masses of dried-up bones from those whose vitality it has drained.,0
Pyukumuku,These Pokémon line the beaches. The sticky mucous that covers their bodies can be used to soothe sunburned skin. How convenient!,0
Type: Null,Due to the danger that this synthetic Pokémon may go on a rampage,0
Silvally,Although its name was Type: Null at first,0
Minior,Strong impacts can knock it out of its shell. This Pokémon was born from mutated nanoparticles.,0
Komala,The log it holds was given to it by its parents at birth. It has also been known to cling to the arm of a friendly Trainer.,0
Turtonator,It gushes fire and poisonous gases from its nostrils. Its dung is an explosive substance and can be put to various uses.,0
Togedemaru,The long hairs on its back act as lightning rods. The bolts of lightning it attracts are stored as energy in its electric sac.,0
Mimikyu,A lonely Pokémon,0
Bruxish,It stuns its prey with psychokinesis and then grinds them to mush with its strong teeth. Even Shellder’s shell is no match for it.,0
Drampa,This Pokémon is friendly to people and loves children most of all. It comes from deep in the mountains to play with children it likes in town.,0
Dhelmise,The soul of seaweed adrift in the waves became reborn as this Pokémon. It maintains itself with new infusions of seabed detritus and seaweed.,0
Jangmo-o,They live in mountains where no trace of humans can be detected. Jangmo-o grow little by little as they battle one another.,0
Hakamo-o,It sheds and regrows its scales on a continuous basis. The scales become harder and sharper each time they’re regrown.,0
Kommo-o,Its rigid scales function as offense and defense. In the past,0
Tapu Koko,It confuses its enemies by flying too quickly for the eye to follow. It has a hair-trigger temper but forgets what made it angry an instant later.,1
Tapu Lele,As it flutters about,1
Tapu Bulu,The guardian deity of Ula’ula is a lazy Pokémon. It commands plants to immobilize its foes and then deals them a savage blow with its horns.,1
Tapu Fini,The guardian deity of Poni,1
Cosmog,In ages past,1
Cosmoem,There’s something accumulating around the black core within its hard shell. People think this Pokémon may come from another world.,1
Solgaleo,This Pokémon is said to be a male evolution of Cosmog. At the activation of its third eye,1
Lunala,Said to live in another world,1
Nihilego,One of the Ultra Beasts. It’s unclear whether or not this Pokémon is sentient,1
Buzzwole,A mysterious life-form called an Ultra Beast. Witnesses saw it pulverize a dump truck with a single punch.,1
Pheromosa,One of the Ultra Beasts. It refuses to touch anything,1
Xurkitree,It appeared from the Ultra Wormhole. It raided a power plant,1
Celesteela,One kind of Ultra Beast. Witnesses have seen it burn down a forest by expelling gas from its two arms.,1
Kartana,One of the Ultra Beast life-forms,1
Guzzlord,A dangerous Ultra Beast,1
Necrozma,Light is apparently the source of its energy. It has an extraordinarily vicious disposition and is constantly firing off laser beams.,1
Magearna,Its mechanized body is merely a vessel. Its true self is its Soul-Heart,1
